elo_bin_20,match_pattern,stronger_goals,weaker_goals,probability
0.0,DRAW,1,1,0.45
0.0,DRAW,0,0,0.37884615384615383
0.0,DRAW,2,2,0.15
0.0,DRAW,3,3,0.019230769230769232
0.0,DRAW,4,4,0.0019230769230769232
0.0,STRONGER_WIN,1,0,0.2820097244732577
0.0,STRONGER_WIN,2,1,0.22366288492706646
0.0,STRONGER_WIN,2,0,0.20097244732576985
0.0,STRONGER_WIN,3,0,0.07293354943273905
0.0,STRONGER_WIN,3,1,0.06969205834683954
0.0,STRONGER_WIN,3,2,0.04376012965964344
0.0,STRONGER_WIN,4,1,0.03403565640194489
0.0,STRONGER_WIN,4,0,0.027552674230145867
0.0,STRONGER_WIN,4,2,0.011345218800648298
0.0,STRONGER_WIN,4,3,0.011345218800648298
0.0,STRONGER_WIN,5,0,0.006482982171799027
0.0,STRONGER_WIN,5,1,0.004862236628849271
0.0,STRONGER_WIN,6,1,0.004862236628849271
0.0,STRONGER_WIN,6,0,0.0032414910858995136
0.0,STRONGER_WIN,5,2,0.0016207455429497568
0.0,STRONGER_WIN,8,1,0.0016207455429497568
0.0,WEAKER_WIN,0,1,0.3130841121495327
0.0,WEAKER_WIN,1,2,0.20249221183800623
0.0,WEAKER_WIN,0,2,0.1791277258566978
0.0,WEAKER_WIN,1,3,0.0794392523364486
0.0,WEAKER_WIN,0,3,0.07165109034267912
0.0,WEAKER_WIN,2,3,0.048286604361370715
0.0,WEAKER_WIN,1,4,0.03271028037383177
0.0,WEAKER_WIN,0,4,0.0264797507788162
0.0,WEAKER_WIN,2,4,0.014018691588785047
0.0,WEAKER_WIN,0,5,0.012461059190031152
0.0,WEAKER_WIN,1,5,0.00778816199376947
0.0,WEAKER_WIN,1,6,0.004672897196261682
0.0,WEAKER_WIN,2,5,0.003115264797507788
0.0,WEAKER_WIN,0,7,0.001557632398753894
0.0,WEAKER_WIN,0,10,0.001557632398753894
0.0,WEAKER_WIN,3,4,0.001557632398753894
20.0,DRAW,1,1,0.44155844155844154
20.0,DRAW,0,0,0.35992578849721707
20.0,DRAW,2,2,0.17439703153988867
20.0,DRAW,3,3,0.022263450834879406
20.0,DRAW,4,4,0.0018552875695732839
20.0,STRONGER_WIN,1,0,0.2957957957957958
20.0,STRONGER_WIN,2,0,0.19519519519519518
20.0,STRONGER_WIN,2,1,0.1891891891891892
20.0,STRONGER_WIN,3,1,0.07357357357357357
20.0,STRONGER_WIN,3,2,0.07357357357357357
20.0,STRONGER_WIN,3,0,0.06756756756756757
20.0,STRONGER_WIN,4,1,0.02702702702702703
20.0,STRONGER_WIN,4,0,0.025525525525525526
20.0,STRONGER_WIN,4,2,0.021021021021021023
20.0,STRONGER_WIN,5,0,0.009009009009009009
20.0,STRONGER_WIN,4,3,0.0075075075075075074
20.0,STRONGER_WIN,5,1,0.003003003003003003
20.0,STRONGER_WIN,5,2,0.003003003003003003
20.0,STRONGER_WIN,5,3,0.0015015015015015015
20.0,STRONGER_WIN,6,1,0.0015015015015015015
20.0,STRONGER_WIN,6,2,0.0015015015015015015
20.0,STRONGER_WIN,7,1,0.0015015015015015015
20.0,STRONGER_WIN,7,2,0.0015015015015015015
20.0,STRONGER_WIN,11,0,0.0015015015015015015
20.0,WEAKER_WIN,0,1,0.32608695652173914
20.0,WEAKER_WIN,1,2,0.24703557312252963
20.0,WEAKER_WIN,0,2,0.15019762845849802
20.0,WEAKER_WIN,0,3,0.07114624505928854
20.0,WEAKER_WIN,1,3,0.06521739130434782
20.0,WEAKER_WIN,2,3,0.05928853754940711
20.0,WEAKER_WIN,0,4,0.025691699604743084
20.0,WEAKER_WIN,1,4,0.023715415019762844
20.0,WEAKER_WIN,2,4,0.009881422924901186
20.0,WEAKER_WIN,2,5,0.005928853754940711
20.0,WEAKER_WIN,0,5,0.003952569169960474
20.0,WEAKER_WIN,1,5,0.003952569169960474
20.0,WEAKER_WIN,0,7,0.001976284584980237
20.0,WEAKER_WIN,3,4,0.001976284584980237
20.0,WEAKER_WIN,3,5,0.001976284584980237
20.0,WEAKER_WIN,4,5,0.001976284584980237
40.0,DRAW,1,1,0.45222929936305734
40.0,DRAW,0,0,0.3524416135881104
40.0,DRAW,2,2,0.17834394904458598
40.0,DRAW,3,3,0.016985138004246284
40.0,STRONGER_WIN,1,0,0.27866473149492016
40.0,STRONGER_WIN,2,0,0.20609579100145137
40.0,STRONGER_WIN,2,1,0.18577648766328012
40.0,STRONGER_WIN,3,0,0.0783744557329463
40.0,STRONGER_WIN,3,1,0.0783744557329463
40.0,STRONGER_WIN,3,2,0.04934687953555878
40.0,STRONGER_WIN,4,1,0.03193033381712627
40.0,STRONGER_WIN,4,0,0.02467343976777939
40.0,STRONGER_WIN,4,3,0.015965166908563134
40.0,STRONGER_WIN,5,0,0.01451378809869376
40.0,STRONGER_WIN,4,2,0.013062409288824383
40.0,STRONGER_WIN,5,1,0.00725689404934688
40.0,STRONGER_WIN,5,2,0.005805515239477504
40.0,STRONGER_WIN,5,3,0.001451378809869376
40.0,STRONGER_WIN,6,1,0.001451378809869376
40.0,STRONGER_WIN,6,2,0.001451378809869376
40.0,STRONGER_WIN,7,1,0.001451378809869376
40.0,STRONGER_WIN,8,0,0.001451378809869376
40.0,STRONGER_WIN,8,1,0.001451378809869376
40.0,STRONGER_WIN,9,2,0.001451378809869376
40.0,WEAKER_WIN,0,1,0.31315240083507306
40.0,WEAKER_WIN,1,2,0.22964509394572025
40.0,WEAKER_WIN,0,2,0.1837160751565762
40.0,WEAKER_WIN,1,3,0.06889352818371608
40.0,WEAKER_WIN,0,3,0.06680584551148225
40.0,WEAKER_WIN,2,3,0.04175365344467641
40.0,WEAKER_WIN,0,4,0.020876826722338204
40.0,WEAKER_WIN,1,4,0.020876826722338204
40.0,WEAKER_WIN,2,4,0.018789144050104383
40.0,WEAKER_WIN,3,4,0.014613778705636743
40.0,WEAKER_WIN,0,5,0.010438413361169102
40.0,WEAKER_WIN,1,5,0.006263048016701462
40.0,WEAKER_WIN,1,7,0.0020876826722338203
40.0,WEAKER_WIN,2,5,0.0020876826722338203
60.0,DRAW,1,1,0.43067226890756305
60.0,DRAW,0,0,0.36134453781512604
60.0,DRAW,2,2,0.1869747899159664
60.0,DRAW,3,3,0.02100840336134454
60.0,STRONGER_WIN,1,0,0.29343629343629346
60.0,STRONGER_WIN,2,0,0.19433719433719435
60.0,STRONGER_WIN,2,1,0.17374517374517376
60.0,STRONGER_WIN,3,1,0.09137709137709138
60.0,STRONGER_WIN,3,0,0.06563706563706563
60.0,STRONGER_WIN,3,2,0.04247104247104247
60.0,STRONGER_WIN,4,0,0.03861003861003861
60.0,STRONGER_WIN,4,1,0.028314028314028315
60.0,STRONGER_WIN,5,0,0.018018018018018018
60.0,STRONGER_WIN,4,2,0.01287001287001287
60.0,STRONGER_WIN,5,1,0.01287001287001287
60.0,STRONGER_WIN,6,1,0.006435006435006435
60.0,STRONGER_WIN,5,2,0.005148005148005148
60.0,STRONGER_WIN,6,2,0.003861003861003861
60.0,STRONGER_WIN,4,3,0.002574002574002574
60.0,STRONGER_WIN,5,3,0.002574002574002574
60.0,STRONGER_WIN,6,0,0.002574002574002574
60.0,STRONGER_WIN,5,4,0.001287001287001287
60.0,STRONGER_WIN,8,0,0.001287001287001287
60.0,STRONGER_WIN,8,2,0.001287001287001287
60.0,STRONGER_WIN,9,2,0.001287001287001287
60.0,WEAKER_WIN,0,1,0.33569739952718675
60.0,WEAKER_WIN,1,2,0.2553191489361702
60.0,WEAKER_WIN,0,2,0.15602836879432624
60.0,WEAKER_WIN,1,3,0.06619385342789598
60.0,WEAKER_WIN,0,3,0.05673758865248227
60.0,WEAKER_WIN,2,3,0.05673758865248227
60.0,WEAKER_WIN,1,4,0.014184397163120567
60.0,WEAKER_WIN,0,4,0.01182033096926714
60.0,WEAKER_WIN,1,5,0.01182033096926714
60.0,WEAKER_WIN,2,4,0.01182033096926714
60.0,WEAKER_WIN,3,4,0.009456264775413711
60.0,WEAKER_WIN,2,5,0.004728132387706856
60.0,WEAKER_WIN,0,5,0.002364066193853428
60.0,WEAKER_WIN,0,6,0.002364066193853428
60.0,WEAKER_WIN,1,6,0.002364066193853428
60.0,WEAKER_WIN,1,7,0.002364066193853428
80.0,DRAW,1,1,0.44772727272727275
80.0,DRAW,0,0,0.3886363636363636
80.0,DRAW,2,2,0.1431818181818182
80.0,DRAW,3,3,0.015909090909090907
80.0,DRAW,4,4,0.004545454545454545
80.0,STRONGER_WIN,1,0,0.2662162162162162
80.0,STRONGER_WIN,2,0,0.19594594594594594
80.0,STRONGER_WIN,2,1,0.16891891891891891
80.0,STRONGER_WIN,3,1,0.09054054054054055
80.0,STRONGER_WIN,3,0,0.08783783783783784
80.0,STRONGER_WIN,4,0,0.04864864864864865
80.0,STRONGER_WIN,3,2,0.031081081081081083
80.0,STRONGER_WIN,4,1,0.02972972972972973
80.0,STRONGER_WIN,4,2,0.02027027027027027
80.0,STRONGER_WIN,5,1,0.014864864864864866
80.0,STRONGER_WIN,6,0,0.013513513513513514
80.0,STRONGER_WIN,5,0,0.010810810810810811
80.0,STRONGER_WIN,4,3,0.006756756756756757
80.0,STRONGER_WIN,5,2,0.002702702702702703
80.0,STRONGER_WIN,6,1,0.002702702702702703
80.0,STRONGER_WIN,6,2,0.002702702702702703
80.0,STRONGER_WIN,7,0,0.002702702702702703
80.0,STRONGER_WIN,5,3,0.0013513513513513514
80.0,STRONGER_WIN,7,1,0.0013513513513513514
80.0,STRONGER_WIN,8,2,0.0013513513513513514
80.0,WEAKER_WIN,0,1,0.3518987341772152
80.0,WEAKER_WIN,1,2,0.21265822784810126
80.0,WEAKER_WIN,0,2,0.17721518987341772
80.0,WEAKER_WIN,2,3,0.07088607594936709
80.0,WEAKER_WIN,0,3,0.06329113924050633
80.0,WEAKER_WIN,1,3,0.05569620253164557
80.0,WEAKER_WIN,1,4,0.030379746835443037
80.0,WEAKER_WIN,2,4,0.012658227848101266
80.0,WEAKER_WIN,0,5,0.010126582278481013
80.0,WEAKER_WIN,3,4,0.005063291139240506
80.0,WEAKER_WIN,0,4,0.002531645569620253
80.0,WEAKER_WIN,0,6,0.002531645569620253
80.0,WEAKER_WIN,1,6,0.002531645569620253
80.0,WEAKER_WIN,2,5,0.002531645569620253
100.0,DRAW,1,1,0.44783715012722647
100.0,DRAW,0,0,0.366412213740458
100.0,DRAW,2,2,0.178117048346056
100.0,DRAW,3,3,0.005089058524173028
100.0,DRAW,4,4,0.002544529262086514
100.0,STRONGER_WIN,1,0,0.2739541160593792
100.0,STRONGER_WIN,2,0,0.20242914979757085
100.0,STRONGER_WIN,2,1,0.17543859649122806
100.0,STRONGER_WIN,3,0,0.09176788124156546
100.0,STRONGER_WIN,3,1,0.06072874493927125
100.0,STRONGER_WIN,3,2,0.044534412955465584
100.0,STRONGER_WIN,4,0,0.04183535762483131
100.0,STRONGER_WIN,4,1,0.03913630229419703
100.0,STRONGER_WIN,4,2,0.02564102564102564
100.0,STRONGER_WIN,5,0,0.017543859649122806
100.0,STRONGER_WIN,5,1,0.008097165991902834
100.0,STRONGER_WIN,6,0,0.005398110661268556
100.0,STRONGER_WIN,5,2,0.004048582995951417
100.0,STRONGER_WIN,6,1,0.002699055330634278
100.0,STRONGER_WIN,4,3,0.001349527665317139
100.0,STRONGER_WIN,5,4,0.001349527665317139
100.0,STRONGER_WIN,6,2,0.001349527665317139
100.0,STRONGER_WIN,7,0,0.001349527665317139
100.0,STRONGER_WIN,8,0,0.001349527665317139
100.0,WEAKER_WIN,0,1,0.33126934984520123
100.0,WEAKER_WIN,1,2,0.25696594427244585
100.0,WEAKER_WIN,0,2,0.15170278637770898
100.0,WEAKER_WIN,1,3,0.09287925696594428
100.0,WEAKER_WIN,0,3,0.05263157894736842
100.0,WEAKER_WIN,2,3,0.04953560371517028
100.0,WEAKER_WIN,1,4,0.02476780185758514
100.0,WEAKER_WIN,2,4,0.015479876160990712
100.0,WEAKER_WIN,0,4,0.009287925696594427
100.0,WEAKER_WIN,0,5,0.0030959752321981426
100.0,WEAKER_WIN,1,5,0.0030959752321981426
100.0,WEAKER_WIN,2,5,0.0030959752321981426
100.0,WEAKER_WIN,3,4,0.0030959752321981426
100.0,WEAKER_WIN,3,5,0.0030959752321981426
120.0,DRAW,1,1,0.4175824175824176
120.0,DRAW,0,0,0.40934065934065933
120.0,DRAW,2,2,0.13736263736263737
120.0,DRAW,3,3,0.03571428571428571
120.0,STRONGER_WIN,1,0,0.26785714285714285
120.0,STRONGER_WIN,2,0,0.1717032967032967
120.0,STRONGER_WIN,2,1,0.15384615384615385
120.0,STRONGER_WIN,3,0,0.10302197802197802
120.0,STRONGER_WIN,3,1,0.09203296703296704
120.0,STRONGER_WIN,3,2,0.04532967032967033
120.0,STRONGER_WIN,4,0,0.04395604395604396
120.0,STRONGER_WIN,4,1,0.03159340659340659
120.0,STRONGER_WIN,4,2,0.0260989010989011
120.0,STRONGER_WIN,5,0,0.01510989010989011
120.0,STRONGER_WIN,5,1,0.013736263736263736
120.0,STRONGER_WIN,6,0,0.008241758241758242
120.0,STRONGER_WIN,5,2,0.005494505494505495
120.0,STRONGER_WIN,4,3,0.004120879120879121
120.0,STRONGER_WIN,6,1,0.004120879120879121
120.0,STRONGER_WIN,6,2,0.004120879120879121
120.0,STRONGER_WIN,7,1,0.0027472527472527475
120.0,STRONGER_WIN,5,3,0.0013736263736263737
120.0,STRONGER_WIN,5,4,0.0013736263736263737
120.0,STRONGER_WIN,7,3,0.0013736263736263737
120.0,STRONGER_WIN,8,1,0.0013736263736263737
120.0,STRONGER_WIN,11,0,0.0013736263736263737
120.0,WEAKER_WIN,0,1,0.3462897526501767
120.0,WEAKER_WIN,1,2,0.22968197879858657
120.0,WEAKER_WIN,0,2,0.16607773851590105
120.0,WEAKER_WIN,2,3,0.07420494699646643
120.0,WEAKER_WIN,1,3,0.0706713780918728
120.0,WEAKER_WIN,0,3,0.04946996466431095
120.0,WEAKER_WIN,2,4,0.02120141342756184
120.0,WEAKER_WIN,0,4,0.01060070671378092
120.0,WEAKER_WIN,3,4,0.01060070671378092
120.0,WEAKER_WIN,1,4,0.007067137809187279
120.0,WEAKER_WIN,1,5,0.007067137809187279
120.0,WEAKER_WIN,0,5,0.0035335689045936395
120.0,WEAKER_WIN,0,6,0.0035335689045936395
140.0,DRAW,1,1,0.4504792332268371
140.0,DRAW,0,0,0.33865814696485624
140.0,DRAW,2,2,0.1853035143769968
140.0,DRAW,3,3,0.025559105431309903
140.0,STRONGER_WIN,1,0,0.24055944055944056
140.0,STRONGER_WIN,2,0,0.18041958041958042
140.0,STRONGER_WIN,2,1,0.16503496503496504
140.0,STRONGER_WIN,3,0,0.11328671328671329
140.0,STRONGER_WIN,3,1,0.08531468531468532
140.0,STRONGER_WIN,4,0,0.04755244755244755
140.0,STRONGER_WIN,3,2,0.032167832167832165
140.0,STRONGER_WIN,4,1,0.03076923076923077
140.0,STRONGER_WIN,4,2,0.02097902097902098
140.0,STRONGER_WIN,5,1,0.016783216783216783
140.0,STRONGER_WIN,5,0,0.013986013986013986
140.0,STRONGER_WIN,6,0,0.011188811188811189
140.0,STRONGER_WIN,4,3,0.006993006993006993
140.0,STRONGER_WIN,5,2,0.006993006993006993
140.0,STRONGER_WIN,6,1,0.006993006993006993
140.0,STRONGER_WIN,5,3,0.004195804195804196
140.0,STRONGER_WIN,7,0,0.004195804195804196
140.0,STRONGER_WIN,7,1,0.002797202797202797
140.0,STRONGER_WIN,8,1,0.002797202797202797
140.0,STRONGER_WIN,5,4,0.0013986013986013986
140.0,STRONGER_WIN,6,2,0.0013986013986013986
140.0,STRONGER_WIN,9,0,0.0013986013986013986
140.0,STRONGER_WIN,10,0,0.0013986013986013986
140.0,STRONGER_WIN,16,0,0.0013986013986013986
140.0,WEAKER_WIN,0,1,0.3382352941176471
140.0,WEAKER_WIN,1,2,0.29411764705882354
140.0,WEAKER_WIN,0,2,0.12254901960784313
140.0,WEAKER_WIN,2,3,0.07352941176470588
140.0,WEAKER_WIN,1,3,0.06862745098039216
140.0,WEAKER_WIN,0,3,0.029411764705882353
140.0,WEAKER_WIN,1,4,0.0196078431372549
140.0,WEAKER_WIN,2,4,0.0196078431372549
140.0,WEAKER_WIN,0,4,0.00980392156862745
140.0,WEAKER_WIN,0,8,0.004901960784313725
140.0,WEAKER_WIN,1,5,0.004901960784313725
140.0,WEAKER_WIN,1,6,0.004901960784313725
140.0,WEAKER_WIN,2,5,0.004901960784313725
140.0,WEAKER_WIN,3,4,0.004901960784313725
160.0,DRAW,1,1,0.4197952218430034
160.0,DRAW,0,0,0.40273037542662116
160.0,DRAW,2,2,0.15699658703071673
160.0,DRAW,3,3,0.020477815699658702
160.0,STRONGER_WIN,1,0,0.25072463768115943
160.0,STRONGER_WIN,2,0,0.1855072463768116
160.0,STRONGER_WIN,2,1,0.16956521739130434
160.0,STRONGER_WIN,3,0,0.09130434782608696
160.0,STRONGER_WIN,3,1,0.0782608695652174
160.0,STRONGER_WIN,4,1,0.0536231884057971
160.0,STRONGER_WIN,4,0,0.05217391304347826
160.0,STRONGER_WIN,3,2,0.0391304347826087
160.0,STRONGER_WIN,5,0,0.015942028985507246
160.0,STRONGER_WIN,4,2,0.011594202898550725
160.0,STRONGER_WIN,5,2,0.008695652173913044
160.0,STRONGER_WIN,6,0,0.008695652173913044
160.0,STRONGER_WIN,6,1,0.008695652173913044
160.0,STRONGER_WIN,5,1,0.005797101449275362
160.0,STRONGER_WIN,4,3,0.002898550724637681
160.0,STRONGER_WIN,5,3,0.002898550724637681
160.0,STRONGER_WIN,7,2,0.002898550724637681
160.0,STRONGER_WIN,6,2,0.0014492753623188406
160.0,STRONGER_WIN,7,1,0.0014492753623188406
160.0,STRONGER_WIN,8,1,0.0014492753623188406
160.0,STRONGER_WIN,9,0,0.0014492753623188406
160.0,STRONGER_WIN,9,1,0.0014492753623188406
160.0,STRONGER_WIN,11,0,0.0014492753623188406
160.0,STRONGER_WIN,13,0,0.0014492753623188406
160.0,STRONGER_WIN,15,0,0.0014492753623188406
160.0,WEAKER_WIN,0,1,0.35071090047393366
160.0,WEAKER_WIN,1,2,0.25118483412322273
160.0,WEAKER_WIN,0,2,0.15165876777251186
160.0,WEAKER_WIN,1,3,0.0995260663507109
160.0,WEAKER_WIN,2,3,0.052132701421800945
160.0,WEAKER_WIN,0,3,0.037914691943127965
160.0,WEAKER_WIN,2,5,0.014218009478672985
160.0,WEAKER_WIN,3,4,0.014218009478672985
160.0,WEAKER_WIN,1,4,0.009478672985781991
160.0,WEAKER_WIN,2,4,0.009478672985781991
160.0,WEAKER_WIN,0,4,0.004739336492890996
160.0,WEAKER_WIN,1,5,0.004739336492890996
180.0,DRAW,1,1,0.46502057613168724
180.0,DRAW,0,0,0.3374485596707819
180.0,DRAW,2,2,0.1728395061728395
180.0,DRAW,3,3,0.024691358024691357
180.0,STRONGER_WIN,1,0,0.24345146379044685
180.0,STRONGER_WIN,2,0,0.16024653312788906
180.0,STRONGER_WIN,2,1,0.14791987673343607
180.0,STRONGER_WIN,3,0,0.12480739599383667
180.0,STRONGER_WIN,3,1,0.07087827426810478
180.0,STRONGER_WIN,4,0,0.06317411402157165
180.0,STRONGER_WIN,4,1,0.05084745762711865
180.0,STRONGER_WIN,3,2,0.02773497688751926
180.0,STRONGER_WIN,5,0,0.01848998459167951
180.0,STRONGER_WIN,4,2,0.015408320493066256
180.0,STRONGER_WIN,5,1,0.015408320493066256
180.0,STRONGER_WIN,6,0,0.01386748844375963
180.0,STRONGER_WIN,5,2,0.009244992295839754
180.0,STRONGER_WIN,6,1,0.009244992295839754
180.0,STRONGER_WIN,4,3,0.007704160246533128
180.0,STRONGER_WIN,7,0,0.0061633281972265025
180.0,STRONGER_WIN,7,1,0.0061633281972265025
180.0,STRONGER_WIN,8,0,0.0030816640986132513
180.0,STRONGER_WIN,5,3,0.0015408320493066256
180.0,STRONGER_WIN,6,2,0.0015408320493066256
180.0,STRONGER_WIN,6,3,0.0015408320493066256
180.0,STRONGER_WIN,8,1,0.0015408320493066256
180.0,WEAKER_WIN,0,1,0.44360902255639095
180.0,WEAKER_WIN,1,2,0.20300751879699247
180.0,WEAKER_WIN,0,2,0.13533834586466165
180.0,WEAKER_WIN,1,3,0.06766917293233082
180.0,WEAKER_WIN,2,3,0.06015037593984962
180.0,WEAKER_WIN,0,3,0.03759398496240601
180.0,WEAKER_WIN,0,4,0.022556390977443608
180.0,WEAKER_WIN,2,4,0.015037593984962405
180.0,WEAKER_WIN,1,4,0.007518796992481203
180.0,WEAKER_WIN,3,4,0.007518796992481203
200.0,DRAW,1,1,0.45595854922279794
200.0,DRAW,0,0,0.36787564766839376
200.0,DRAW,2,2,0.15025906735751296
200.0,DRAW,3,3,0.02072538860103627
200.0,DRAW,4,4,0.0051813471502590676
200.0,STRONGER_WIN,1,0,0.2066115702479339
200.0,STRONGER_WIN,2,0,0.19008264462809918
200.0,STRONGER_WIN,2,1,0.15702479338842976
200.0,STRONGER_WIN,3,0,0.10743801652892562
200.0,STRONGER_WIN,3,1,0.07603305785123966
200.0,STRONGER_WIN,4,0,0.05950413223140496
200.0,STRONGER_WIN,4,1,0.049586776859504134
200.0,STRONGER_WIN,3,2,0.03471074380165289
200.0,STRONGER_WIN,5,0,0.03471074380165289
200.0,STRONGER_WIN,5,1,0.01652892561983471
200.0,STRONGER_WIN,4,2,0.01487603305785124
200.0,STRONGER_WIN,6,0,0.013223140495867768
200.0,STRONGER_WIN,6,1,0.008264462809917356
200.0,STRONGER_WIN,4,3,0.006611570247933884
200.0,STRONGER_WIN,6,2,0.006611570247933884
200.0,STRONGER_WIN,5,2,0.0049586776859504135
200.0,STRONGER_WIN,7,1,0.0049586776859504135
200.0,STRONGER_WIN,7,0,0.003305785123966942
200.0,STRONGER_WIN,5,3,0.001652892561983471
200.0,STRONGER_WIN,8,1,0.001652892561983471
200.0,STRONGER_WIN,15,1,0.001652892561983471
200.0,WEAKER_WIN,1,2,0.3
200.0,WEAKER_WIN,0,1,0.2916666666666667
200.0,WEAKER_WIN,0,2,0.15833333333333333
200.0,WEAKER_WIN,2,3,0.10833333333333334
200.0,WEAKER_WIN,1,3,0.058333333333333334
200.0,WEAKER_WIN,0,3,0.041666666666666664
200.0,WEAKER_WIN,1,4,0.016666666666666666
200.0,WEAKER_WIN,2,4,0.016666666666666666
200.0,WEAKER_WIN,3,5,0.008333333333333333
220.0,DRAW,1,1,0.4303030303030303
220.0,DRAW,0,0,0.36363636363636365
220.0,DRAW,2,2,0.18181818181818182
220.0,DRAW,3,3,0.024242424242424242
220.0,STRONGER_WIN,1,0,0.24329501915708812
220.0,STRONGER_WIN,2,0,0.1743295019157088
220.0,STRONGER_WIN,2,1,0.14367816091954022
220.0,STRONGER_WIN,3,0,0.11685823754789272
220.0,STRONGER_WIN,4,0,0.0842911877394636
220.0,STRONGER_WIN,3,1,0.06704980842911877
220.0,STRONGER_WIN,4,1,0.038314176245210725
220.0,STRONGER_WIN,5,0,0.034482758620689655
220.0,STRONGER_WIN,3,2,0.02681992337164751
220.0,STRONGER_WIN,5,1,0.013409961685823755
220.0,STRONGER_WIN,6,0,0.013409961685823755
220.0,STRONGER_WIN,5,2,0.009578544061302681
220.0,STRONGER_WIN,7,0,0.007662835249042145
220.0,STRONGER_WIN,4,2,0.005747126436781609
220.0,STRONGER_WIN,6,1,0.005747126436781609
220.0,STRONGER_WIN,8,1,0.005747126436781609
220.0,STRONGER_WIN,8,0,0.0038314176245210726
220.0,STRONGER_WIN,4,3,0.0019157088122605363
220.0,STRONGER_WIN,5,3,0.0019157088122605363
220.0,STRONGER_WIN,12,0,0.0019157088122605363
220.0,WEAKER_WIN,0,1,0.45977011494252873
220.0,WEAKER_WIN,1,2,0.2413793103448276
220.0,WEAKER_WIN,0,2,0.14942528735632185
220.0,WEAKER_WIN,1,3,0.034482758620689655
220.0,WEAKER_WIN,2,3,0.034482758620689655
220.0,WEAKER_WIN,0,4,0.022988505747126436
220.0,WEAKER_WIN,0,3,0.011494252873563218
220.0,WEAKER_WIN,1,4,0.011494252873563218
220.0,WEAKER_WIN,1,5,0.011494252873563218
220.0,WEAKER_WIN,2,4,0.011494252873563218
220.0,WEAKER_WIN,2,5,0.011494252873563218
240.0,DRAW,0,0,0.4451219512195122
240.0,DRAW,1,1,0.40853658536585363
240.0,DRAW,2,2,0.12804878048780488
240.0,DRAW,3,3,0.018292682926829267
240.0,STRONGER_WIN,2,0,0.22666666666666666
240.0,STRONGER_WIN,1,0,0.19333333333333333
240.0,STRONGER_WIN,2,1,0.12666666666666668
240.0,STRONGER_WIN,3,0,0.12
240.0,STRONGER_WIN,3,1,0.07555555555555556
240.0,STRONGER_WIN,4,0,0.07333333333333333
240.0,STRONGER_WIN,3,2,0.03777777777777778
240.0,STRONGER_WIN,6,0,0.02666666666666667
240.0,STRONGER_WIN,5,0,0.024444444444444446
240.0,STRONGER_WIN,5,1,0.024444444444444446
240.0,STRONGER_WIN,4,1,0.022222222222222223
240.0,STRONGER_WIN,6,1,0.015555555555555555
240.0,STRONGER_WIN,4,2,0.006666666666666667
240.0,STRONGER_WIN,5,2,0.006666666666666667
240.0,STRONGER_WIN,7,0,0.006666666666666667
240.0,STRONGER_WIN,4,3,0.0044444444444444444
240.0,STRONGER_WIN,5,4,0.0022222222222222222
240.0,STRONGER_WIN,6,2,0.0022222222222222222
240.0,STRONGER_WIN,8,0,0.0022222222222222222
240.0,STRONGER_WIN,9,1,0.0022222222222222222
240.0,WEAKER_WIN,0,1,0.36363636363636365
240.0,WEAKER_WIN,1,2,0.2857142857142857
240.0,WEAKER_WIN,0,2,0.16883116883116883
240.0,WEAKER_WIN,1,3,0.05194805194805195
240.0,WEAKER_WIN,2,3,0.03896103896103896
240.0,WEAKER_WIN,0,3,0.025974025974025976
240.0,WEAKER_WIN,3,4,0.025974025974025976
240.0,WEAKER_WIN,0,4,0.012987012987012988
240.0,WEAKER_WIN,1,4,0.012987012987012988
240.0,WEAKER_WIN,2,4,0.012987012987012988
260.0,DRAW,1,1,0.49038461538461536
260.0,DRAW,0,0,0.41346153846153844
260.0,DRAW,2,2,0.07692307692307693
260.0,DRAW,3,3,0.009615384615384616
260.0,DRAW,4,4,0.009615384615384616
260.0,STRONGER_WIN,1,0,0.18981481481481483
260.0,STRONGER_WIN,2,0,0.18518518518518517
260.0,STRONGER_WIN,2,1,0.1550925925925926
260.0,STRONGER_WIN,3,0,0.14351851851851852
260.0,STRONGER_WIN,3,1,0.08564814814814815
260.0,STRONGER_WIN,4,0,0.07175925925925926
260.0,STRONGER_WIN,4,1,0.05324074074074074
260.0,STRONGER_WIN,5,0,0.03935185185185185
260.0,STRONGER_WIN,3,2,0.020833333333333332
260.0,STRONGER_WIN,5,1,0.018518518518518517
260.0,STRONGER_WIN,6,0,0.009259259259259259
260.0,STRONGER_WIN,7,0,0.006944444444444444
260.0,STRONGER_WIN,4,2,0.004629629629629629
260.0,STRONGER_WIN,6,2,0.004629629629629629
260.0,STRONGER_WIN,7,1,0.004629629629629629
260.0,STRONGER_WIN,4,3,0.0023148148148148147
260.0,STRONGER_WIN,8,0,0.0023148148148148147
260.0,STRONGER_WIN,8,2,0.0023148148148148147
260.0,WEAKER_WIN,0,1,0.4067796610169492
260.0,WEAKER_WIN,1,2,0.1694915254237288
260.0,WEAKER_WIN,0,2,0.15254237288135594
260.0,WEAKER_WIN,1,3,0.0847457627118644
260.0,WEAKER_WIN,2,3,0.06779661016949153
260.0,WEAKER_WIN,0,3,0.03389830508474576
260.0,WEAKER_WIN,1,4,0.03389830508474576
260.0,WEAKER_WIN,0,4,0.01694915254237288
260.0,WEAKER_WIN,2,4,0.01694915254237288
260.0,WEAKER_WIN,2,5,0.01694915254237288
280.0,DRAW,0,0,0.4095238095238095
280.0,DRAW,1,1,0.38095238095238093
280.0,DRAW,2,2,0.17142857142857143
280.0,DRAW,3,3,0.02857142857142857
280.0,DRAW,4,4,0.009523809523809525
280.0,STRONGER_WIN,2,0,0.17894736842105263
280.0,STRONGER_WIN,1,0,0.1763157894736842
280.0,STRONGER_WIN,3,0,0.16842105263157894
280.0,STRONGER_WIN,2,1,0.11842105263157894
280.0,STRONGER_WIN,4,0,0.07894736842105263
280.0,STRONGER_WIN,3,1,0.06315789473684211
280.0,STRONGER_WIN,5,0,0.04736842105263158
280.0,STRONGER_WIN,4,1,0.042105263157894736
280.0,STRONGER_WIN,5,1,0.02631578947368421
280.0,STRONGER_WIN,6,1,0.018421052631578946
280.0,STRONGER_WIN,4,2,0.015789473684210527
280.0,STRONGER_WIN,6,0,0.015789473684210527
280.0,STRONGER_WIN,3,2,0.013157894736842105
280.0,STRONGER_WIN,5,2,0.010526315789473684
280.0,STRONGER_WIN,7,0,0.005263157894736842
280.0,STRONGER_WIN,7,1,0.005263157894736842
280.0,STRONGER_WIN,4,3,0.002631578947368421
280.0,STRONGER_WIN,6,2,0.002631578947368421
280.0,STRONGER_WIN,8,0,0.002631578947368421
280.0,STRONGER_WIN,9,0,0.002631578947368421
280.0,STRONGER_WIN,9,1,0.002631578947368421
280.0,STRONGER_WIN,9,2,0.002631578947368421
280.0,WEAKER_WIN,0,1,0.3877551020408163
280.0,WEAKER_WIN,1,2,0.22448979591836735
280.0,WEAKER_WIN,0,2,0.1836734693877551
280.0,WEAKER_WIN,0,3,0.04081632653061224
280.0,WEAKER_WIN,1,3,0.04081632653061224
280.0,WEAKER_WIN,1,4,0.04081632653061224
280.0,WEAKER_WIN,2,3,0.04081632653061224
280.0,WEAKER_WIN,0,4,0.02040816326530612
280.0,WEAKER_WIN,2,4,0.02040816326530612
300.0,DRAW,0,0,0.45454545454545453
300.0,DRAW,1,1,0.4155844155844156
300.0,DRAW,2,2,0.12987012987012986
300.0,STRONGER_WIN,1,0,0.24333333333333335
300.0,STRONGER_WIN,2,0,0.20333333333333334
300.0,STRONGER_WIN,3,0,0.15
300.0,STRONGER_WIN,2,1,0.09
300.0,STRONGER_WIN,4,0,0.07666666666666666
300.0,STRONGER_WIN,3,1,0.05333333333333334
300.0,STRONGER_WIN,3,2,0.03333333333333333
300.0,STRONGER_WIN,4,1,0.03333333333333333
300.0,STRONGER_WIN,6,0,0.02666666666666667
300.0,STRONGER_WIN,5,0,0.02
300.0,STRONGER_WIN,4,2,0.013333333333333334
300.0,STRONGER_WIN,5,1,0.013333333333333334
300.0,STRONGER_WIN,6,1,0.013333333333333334
300.0,STRONGER_WIN,7,0,0.01
300.0,STRONGER_WIN,5,2,0.0033333333333333335
300.0,STRONGER_WIN,6,2,0.0033333333333333335
300.0,STRONGER_WIN,6,3,0.0033333333333333335
300.0,STRONGER_WIN,8,0,0.0033333333333333335
300.0,STRONGER_WIN,8,1,0.0033333333333333335
300.0,STRONGER_WIN,11,0,0.0033333333333333335
300.0,WEAKER_WIN,0,1,0.3333333333333333
300.0,WEAKER_WIN,0,2,0.3333333333333333
300.0,WEAKER_WIN,1,2,0.2222222222222222
300.0,WEAKER_WIN,1,3,0.037037037037037035
300.0,WEAKER_WIN,1,6,0.037037037037037035
300.0,WEAKER_WIN,3,5,0.037037037037037035
320.0,DRAW,0,0,0.39285714285714285
320.0,DRAW,1,1,0.32142857142857145
320.0,DRAW,2,2,0.25
320.0,DRAW,3,3,0.017857142857142856
320.0,DRAW,4,4,0.017857142857142856
320.0,STRONGER_WIN,2,0,0.19661016949152543
320.0,STRONGER_WIN,3,0,0.14576271186440679
320.0,STRONGER_WIN,1,0,0.1423728813559322
320.0,STRONGER_WIN,2,1,0.09830508474576272
320.0,STRONGER_WIN,4,0,0.09491525423728814
320.0,STRONGER_WIN,3,1,0.08135593220338982
320.0,STRONGER_WIN,4,1,0.061016949152542375
320.0,STRONGER_WIN,5,0,0.05084745762711865
320.0,STRONGER_WIN,6,0,0.03728813559322034
320.0,STRONGER_WIN,3,2,0.013559322033898305
320.0,STRONGER_WIN,5,1,0.013559322033898305
320.0,STRONGER_WIN,7,0,0.013559322033898305
320.0,STRONGER_WIN,4,3,0.006779661016949152
320.0,STRONGER_WIN,6,1,0.006779661016949152
320.0,STRONGER_WIN,7,1,0.006779661016949152
320.0,STRONGER_WIN,9,0,0.006779661016949152
320.0,STRONGER_WIN,4,2,0.003389830508474576
320.0,STRONGER_WIN,5,3,0.003389830508474576
320.0,STRONGER_WIN,8,0,0.003389830508474576
320.0,STRONGER_WIN,8,1,0.003389830508474576
320.0,STRONGER_WIN,11,0,0.003389830508474576
320.0,STRONGER_WIN,19,0,0.003389830508474576
320.0,STRONGER_WIN,21,0,0.003389830508474576
320.0,WEAKER_WIN,0,1,0.375
320.0,WEAKER_WIN,1,2,0.3333333333333333
320.0,WEAKER_WIN,0,2,0.16666666666666666
320.0,WEAKER_WIN,0,3,0.041666666666666664
320.0,WEAKER_WIN,0,7,0.041666666666666664
320.0,WEAKER_WIN,2,3,0.041666666666666664
340.0,DRAW,1,1,0.4222222222222222
340.0,DRAW,0,0,0.35555555555555557
340.0,DRAW,2,2,0.2
340.0,DRAW,3,3,0.022222222222222223
340.0,STRONGER_WIN,2,0,0.19815668202764977
340.0,STRONGER_WIN,1,0,0.12903225806451613
340.0,STRONGER_WIN,3,0,0.12903225806451613
340.0,STRONGER_WIN,2,1,0.1152073732718894
340.0,STRONGER_WIN,4,0,0.1152073732718894
340.0,STRONGER_WIN,3,1,0.07834101382488479
340.0,STRONGER_WIN,5,0,0.04608294930875576
340.0,STRONGER_WIN,5,1,0.027649769585253458
340.0,STRONGER_WIN,6,0,0.027649769585253458
340.0,STRONGER_WIN,8,0,0.027649769585253458
340.0,STRONGER_WIN,3,2,0.02304147465437788
340.0,STRONGER_WIN,4,1,0.02304147465437788
340.0,STRONGER_WIN,7,0,0.02304147465437788
340.0,STRONGER_WIN,6,1,0.009216589861751152
340.0,STRONGER_WIN,7,1,0.009216589861751152
340.0,STRONGER_WIN,8,1,0.009216589861751152
340.0,STRONGER_WIN,4,2,0.004608294930875576
340.0,STRONGER_WIN,6,2,0.004608294930875576
340.0,WEAKER_WIN,0,1,0.5294117647058824
340.0,WEAKER_WIN,1,2,0.29411764705882354
340.0,WEAKER_WIN,0,2,0.11764705882352941
340.0,WEAKER_WIN,1,3,0.058823529411764705
360.0,DRAW,1,1,0.5161290322580645
360.0,DRAW,0,0,0.3225806451612903
360.0,DRAW,2,2,0.0967741935483871
360.0,DRAW,3,3,0.06451612903225806
360.0,STRONGER_WIN,1,0,0.1759656652360515
360.0,STRONGER_WIN,2,0,0.1630901287553648
360.0,STRONGER_WIN,3,0,0.12017167381974249
360.0,STRONGER_WIN,4,0,0.10300429184549356
360.0,STRONGER_WIN,2,1,0.08583690987124463
360.0,STRONGER_WIN,3,1,0.07725321888412018
360.0,STRONGER_WIN,5,0,0.055793991416309016
360.0,STRONGER_WIN,4,1,0.04291845493562232
360.0,STRONGER_WIN,7,0,0.03862660944206009
360.0,STRONGER_WIN,6,0,0.030042918454935622
360.0,STRONGER_WIN,5,1,0.02575107296137339
360.0,STRONGER_WIN,3,2,0.02145922746781116
360.0,STRONGER_WIN,5,3,0.012875536480686695
360.0,STRONGER_WIN,8,0,0.008583690987124463
360.0,STRONGER_WIN,4,2,0.004291845493562232
360.0,STRONGER_WIN,4,3,0.004291845493562232
360.0,STRONGER_WIN,5,2,0.004291845493562232
360.0,STRONGER_WIN,6,1,0.004291845493562232
360.0,STRONGER_WIN,7,2,0.004291845493562232
360.0,STRONGER_WIN,8,1,0.004291845493562232
360.0,STRONGER_WIN,9,0,0.004291845493562232
360.0,STRONGER_WIN,10,0,0.004291845493562232
360.0,STRONGER_WIN,19,0,0.004291845493562232
360.0,WEAKER_WIN,0,2,0.4444444444444444
360.0,WEAKER_WIN,0,1,0.3333333333333333
360.0,WEAKER_WIN,1,2,0.2222222222222222
380.0,DRAW,1,1,0.5416666666666666
380.0,DRAW,2,2,0.25
380.0,DRAW,0,0,0.20833333333333334
380.0,STRONGER_WIN,2,0,0.1751412429378531
380.0,STRONGER_WIN,3,0,0.1694915254237288
380.0,STRONGER_WIN,1,0,0.1638418079096045
380.0,STRONGER_WIN,4,0,0.12429378531073447
380.0,STRONGER_WIN,2,1,0.07344632768361582
380.0,STRONGER_WIN,6,0,0.05084745762711865
380.0,STRONGER_WIN,3,1,0.04519774011299435
380.0,STRONGER_WIN,5,0,0.04519774011299435
380.0,STRONGER_WIN,4,1,0.03389830508474576
380.0,STRONGER_WIN,5,1,0.02824858757062147
380.0,STRONGER_WIN,7,0,0.02824858757062147
380.0,STRONGER_WIN,3,2,0.01694915254237288
380.0,STRONGER_WIN,6,1,0.011299435028248588
380.0,STRONGER_WIN,4,2,0.005649717514124294
380.0,STRONGER_WIN,5,2,0.005649717514124294
380.0,STRONGER_WIN,5,3,0.005649717514124294
380.0,STRONGER_WIN,8,1,0.005649717514124294
380.0,STRONGER_WIN,9,2,0.005649717514124294
380.0,STRONGER_WIN,10,0,0.005649717514124294
380.0,WEAKER_WIN,1,2,0.5
380.0,WEAKER_WIN,0,1,0.25
380.0,WEAKER_WIN,0,2,0.125
380.0,WEAKER_WIN,2,3,0.125
400.0,DRAW,0,0,0.5909090909090909
400.0,DRAW,1,1,0.3181818181818182
400.0,DRAW,2,2,0.09090909090909091
400.0,STRONGER_WIN,2,0,0.22988505747126436
400.0,STRONGER_WIN,1,0,0.14367816091954022
400.0,STRONGER_WIN,3,0,0.11494252873563218
400.0,STRONGER_WIN,4,0,0.10919540229885058
400.0,STRONGER_WIN,2,1,0.08620689655172414
400.0,STRONGER_WIN,3,1,0.08045977011494253
400.0,STRONGER_WIN,5,0,0.05747126436781609
400.0,STRONGER_WIN,4,1,0.05172413793103448
400.0,STRONGER_WIN,5,1,0.040229885057471264
400.0,STRONGER_WIN,6,0,0.022988505747126436
400.0,STRONGER_WIN,3,2,0.017241379310344827
400.0,STRONGER_WIN,6,1,0.011494252873563218
400.0,STRONGER_WIN,7,1,0.011494252873563218
400.0,STRONGER_WIN,7,0,0.005747126436781609
400.0,STRONGER_WIN,9,0,0.005747126436781609
400.0,STRONGER_WIN,9,1,0.005747126436781609
400.0,STRONGER_WIN,11,1,0.005747126436781609
400.0,WEAKER_WIN,0,1,0.625
400.0,WEAKER_WIN,1,2,0.25
400.0,WEAKER_WIN,2,3,0.125
420.0,DRAW,1,1,0.5
420.0,DRAW,0,0,0.4166666666666667
420.0,DRAW,2,2,0.08333333333333333
420.0,STRONGER_WIN,2,0,0.17687074829931973
420.0,STRONGER_WIN,5,0,0.17006802721088435
420.0,STRONGER_WIN,3,0,0.14965986394557823
420.0,STRONGER_WIN,4,0,0.10204081632653061
420.0,STRONGER_WIN,2,1,0.07482993197278912
420.0,STRONGER_WIN,1,0,0.06802721088435375
420.0,STRONGER_WIN,4,1,0.061224489795918366
420.0,STRONGER_WIN,3,1,0.05442176870748299
420.0,STRONGER_WIN,7,0,0.04081632653061224
420.0,STRONGER_WIN,5,1,0.034013605442176874
420.0,STRONGER_WIN,6,0,0.034013605442176874
420.0,STRONGER_WIN,3,2,0.013605442176870748
420.0,STRONGER_WIN,4,2,0.013605442176870748
420.0,STRONGER_WIN,20,0,0.006802721088435374
420.0,WEAKER_WIN,0,1,0.5
420.0,WEAKER_WIN,1,2,0.5
440.0,DRAW,0,0,0.9
440.0,DRAW,2,2,0.1
440.0,STRONGER_WIN,2,0,0.19130434782608696
440.0,STRONGER_WIN,3,0,0.1826086956521739
440.0,STRONGER_WIN,1,0,0.12173913043478261
440.0,STRONGER_WIN,4,0,0.11304347826086956
440.0,STRONGER_WIN,3,1,0.09565217391304348
440.0,STRONGER_WIN,5,0,0.06956521739130435
440.0,STRONGER_WIN,2,1,0.05217391304347826
440.0,STRONGER_WIN,6,0,0.043478260869565216
440.0,STRONGER_WIN,7,0,0.034782608695652174
440.0,STRONGER_WIN,8,0,0.034782608695652174
440.0,STRONGER_WIN,4,1,0.02608695652173913
440.0,STRONGER_WIN,3,2,0.008695652173913044
440.0,STRONGER_WIN,6,1,0.008695652173913044
440.0,STRONGER_WIN,7,1,0.008695652173913044
440.0,STRONGER_WIN,9,1,0.008695652173913044
440.0,WEAKER_WIN,0,1,0.6666666666666666
440.0,WEAKER_WIN,1,2,0.3333333333333333
460.0,DRAW,0,0,0.2857142857142857
460.0,DRAW,1,1,0.2857142857142857
460.0,DRAW,2,2,0.2857142857142857
460.0,DRAW,3,3,0.14285714285714285
460.0,STRONGER_WIN,2,0,0.25688073394495414
460.0,STRONGER_WIN,3,0,0.1651376146788991
460.0,STRONGER_WIN,1,0,0.11926605504587157
460.0,STRONGER_WIN,4,0,0.10091743119266056
460.0,STRONGER_WIN,7,0,0.07339449541284404
460.0,STRONGER_WIN,3,1,0.06422018348623854
460.0,STRONGER_WIN,5,0,0.05504587155963303
460.0,STRONGER_WIN,2,1,0.03669724770642202
460.0,STRONGER_WIN,4,1,0.03669724770642202
460.0,STRONGER_WIN,6,0,0.03669724770642202
460.0,STRONGER_WIN,5,1,0.01834862385321101
460.0,STRONGER_WIN,6,1,0.009174311926605505
460.0,STRONGER_WIN,7,2,0.009174311926605505
460.0,STRONGER_WIN,9,1,0.009174311926605505
460.0,STRONGER_WIN,13,1,0.009174311926605505
460.0,WEAKER_WIN,2,3,0.5
460.0,WEAKER_WIN,0,1,0.25
460.0,WEAKER_WIN,1,2,0.25
480.0,DRAW,0,0,0.5
480.0,DRAW,1,1,0.5
480.0,STRONGER_WIN,3,0,0.2361111111111111
480.0,STRONGER_WIN,2,0,0.1527777777777778
480.0,STRONGER_WIN,1,0,0.1111111111111111
480.0,STRONGER_WIN,5,0,0.09722222222222222
480.0,STRONGER_WIN,6,0,0.08333333333333333
480.0,STRONGER_WIN,4,0,0.06944444444444445
480.0,STRONGER_WIN,3,1,0.041666666666666664
480.0,STRONGER_WIN,3,2,0.041666666666666664
480.0,STRONGER_WIN,4,1,0.041666666666666664
480.0,STRONGER_WIN,5,1,0.041666666666666664
480.0,STRONGER_WIN,7,1,0.027777777777777776
480.0,STRONGER_WIN,2,1,0.013888888888888888
480.0,STRONGER_WIN,4,2,0.013888888888888888
480.0,STRONGER_WIN,7,0,0.013888888888888888
480.0,STRONGER_WIN,10,0,0.013888888888888888
480.0,WEAKER_WIN,0,1,1.0
500.0,DRAW,1,1,0.6666666666666666
500.0,DRAW,0,0,0.3333333333333333
500.0,STRONGER_WIN,3,0,0.15714285714285714
500.0,STRONGER_WIN,1,0,0.14285714285714285
500.0,STRONGER_WIN,4,0,0.14285714285714285
500.0,STRONGER_WIN,2,0,0.1
500.0,STRONGER_WIN,5,0,0.1
500.0,STRONGER_WIN,2,1,0.08571428571428572
500.0,STRONGER_WIN,6,0,0.08571428571428572
500.0,STRONGER_WIN,4,1,0.05714285714285714
500.0,STRONGER_WIN,7,0,0.02857142857142857
500.0,STRONGER_WIN,6,1,0.014285714285714285
500.0,STRONGER_WIN,7,1,0.014285714285714285
500.0,STRONGER_WIN,7,2,0.014285714285714285
500.0,STRONGER_WIN,9,0,0.014285714285714285
500.0,STRONGER_WIN,9,1,0.014285714285714285
500.0,STRONGER_WIN,10,1,0.014285714285714285
500.0,STRONGER_WIN,12,0,0.014285714285714285
520.0,DRAW,0,0,1.0
520.0,STRONGER_WIN,5,0,0.203125
520.0,STRONGER_WIN,4,0,0.140625
520.0,STRONGER_WIN,2,0,0.09375
520.0,STRONGER_WIN,3,0,0.078125
520.0,STRONGER_WIN,6,0,0.078125
520.0,STRONGER_WIN,1,0,0.0625
520.0,STRONGER_WIN,4,1,0.0625
520.0,STRONGER_WIN,2,1,0.046875
520.0,STRONGER_WIN,3,1,0.046875
520.0,STRONGER_WIN,5,1,0.046875
520.0,STRONGER_WIN,8,0,0.046875
520.0,STRONGER_WIN,7,0,0.03125
520.0,STRONGER_WIN,5,2,0.015625
520.0,STRONGER_WIN,6,1,0.015625
520.0,STRONGER_WIN,7,1,0.015625
520.0,STRONGER_WIN,10,0,0.015625
520.0,WEAKER_WIN,0,1,1.0
540.0,DRAW,0,0,1.0
540.0,STRONGER_WIN,2,0,0.19047619047619047
540.0,STRONGER_WIN,3,0,0.19047619047619047
540.0,STRONGER_WIN,4,0,0.1111111111111111
540.0,STRONGER_WIN,1,0,0.07936507936507936
540.0,STRONGER_WIN,3,1,0.07936507936507936
540.0,STRONGER_WIN,6,0,0.047619047619047616
540.0,STRONGER_WIN,7,0,0.047619047619047616
540.0,STRONGER_WIN,8,0,0.047619047619047616
540.0,STRONGER_WIN,5,0,0.031746031746031744
540.0,STRONGER_WIN,5,1,0.031746031746031744
540.0,STRONGER_WIN,6,1,0.031746031746031744
540.0,STRONGER_WIN,10,0,0.031746031746031744
540.0,STRONGER_WIN,2,1,0.015873015873015872
540.0,STRONGER_WIN,3,2,0.015873015873015872
540.0,STRONGER_WIN,4,1,0.015873015873015872
540.0,STRONGER_WIN,6,2,0.015873015873015872
540.0,STRONGER_WIN,8,2,0.015873015873015872
560.0,STRONGER_WIN,3,0,0.25
560.0,STRONGER_WIN,1,0,0.14583333333333334
560.0,STRONGER_WIN,4,0,0.14583333333333334
560.0,STRONGER_WIN,2,0,0.125
560.0,STRONGER_WIN,5,0,0.0625
560.0,STRONGER_WIN,2,1,0.041666666666666664
560.0,STRONGER_WIN,5,1,0.041666666666666664
560.0,STRONGER_WIN,3,1,0.020833333333333332
560.0,STRONGER_WIN,3,2,0.020833333333333332
560.0,STRONGER_WIN,4,2,0.020833333333333332
560.0,STRONGER_WIN,6,0,0.020833333333333332
560.0,STRONGER_WIN,6,2,0.020833333333333332
560.0,STRONGER_WIN,7,1,0.020833333333333332
560.0,STRONGER_WIN,10,0,0.020833333333333332
560.0,STRONGER_WIN,10,2,0.020833333333333332
560.0,STRONGER_WIN,14,0,0.020833333333333332
560.0,WEAKER_WIN,1,2,1.0
580.0,STRONGER_WIN,4,0,0.20512820512820512
580.0,STRONGER_WIN,2,0,0.1794871794871795
580.0,STRONGER_WIN,3,0,0.15384615384615385
580.0,STRONGER_WIN,2,1,0.10256410256410256
580.0,STRONGER_WIN,5,0,0.07692307692307693
580.0,STRONGER_WIN,6,0,0.07692307692307693
580.0,STRONGER_WIN,3,1,0.05128205128205128
580.0,STRONGER_WIN,4,1,0.05128205128205128
580.0,STRONGER_WIN,4,2,0.02564102564102564
580.0,STRONGER_WIN,7,0,0.02564102564102564
580.0,STRONGER_WIN,9,0,0.02564102564102564
580.0,STRONGER_WIN,16,0,0.02564102564102564
600.0,STRONGER_WIN,4,0,0.16666666666666666
600.0,STRONGER_WIN,2,0,0.13333333333333333
600.0,STRONGER_WIN,1,0,0.1
600.0,STRONGER_WIN,2,1,0.1
600.0,STRONGER_WIN,3,0,0.1
600.0,STRONGER_WIN,3,1,0.1
600.0,STRONGER_WIN,5,0,0.06666666666666667
600.0,STRONGER_WIN,6,0,0.06666666666666667
600.0,STRONGER_WIN,7,0,0.06666666666666667
600.0,STRONGER_WIN,5,1,0.03333333333333333
600.0,STRONGER_WIN,8,0,0.03333333333333333
600.0,STRONGER_WIN,8,1,0.03333333333333333
620.0,DRAW,2,2,1.0
620.0,STRONGER_WIN,5,0,0.22727272727272727
620.0,STRONGER_WIN,3,0,0.18181818181818182
620.0,STRONGER_WIN,6,0,0.13636363636363635
620.0,STRONGER_WIN,1,0,0.09090909090909091
620.0,STRONGER_WIN,2,0,0.09090909090909091
620.0,STRONGER_WIN,4,0,0.09090909090909091
620.0,STRONGER_WIN,7,0,0.09090909090909091
620.0,STRONGER_WIN,4,1,0.045454545454545456
620.0,STRONGER_WIN,5,1,0.045454545454545456
640.0,STRONGER_WIN,2,0,0.2777777777777778
640.0,STRONGER_WIN,2,1,0.1111111111111111
640.0,STRONGER_WIN,3,0,0.1111111111111111
640.0,STRONGER_WIN,4,0,0.1111111111111111
640.0,STRONGER_WIN,5,0,0.1111111111111111
640.0,STRONGER_WIN,6,0,0.1111111111111111
640.0,STRONGER_WIN,4,1,0.05555555555555555
640.0,STRONGER_WIN,5,1,0.05555555555555555
640.0,STRONGER_WIN,7,1,0.05555555555555555
660.0,STRONGER_WIN,3,0,0.4117647058823529
660.0,STRONGER_WIN,6,0,0.17647058823529413
660.0,STRONGER_WIN,2,0,0.11764705882352941
660.0,STRONGER_WIN,4,0,0.11764705882352941
660.0,STRONGER_WIN,5,0,0.058823529411764705
660.0,STRONGER_WIN,7,0,0.058823529411764705
660.0,STRONGER_WIN,15,0,0.058823529411764705
680.0,STRONGER_WIN,4,0,0.2
680.0,STRONGER_WIN,2,0,0.15
680.0,STRONGER_WIN,3,0,0.15
680.0,STRONGER_WIN,6,0,0.15
680.0,STRONGER_WIN,1,0,0.05
680.0,STRONGER_WIN,2,1,0.05
680.0,STRONGER_WIN,5,0,0.05
680.0,STRONGER_WIN,7,0,0.05
680.0,STRONGER_WIN,8,0,0.05
680.0,STRONGER_WIN,9,0,0.05
680.0,STRONGER_WIN,12,0,0.05
700.0,STRONGER_WIN,6,0,0.21428571428571427
700.0,STRONGER_WIN,8,0,0.14285714285714285
700.0,STRONGER_WIN,2,0,0.07142857142857142
700.0,STRONGER_WIN,3,0,0.07142857142857142
700.0,STRONGER_WIN,3,1,0.07142857142857142
700.0,STRONGER_WIN,4,0,0.07142857142857142
700.0,STRONGER_WIN,5,0,0.07142857142857142
700.0,STRONGER_WIN,7,0,0.07142857142857142
700.0,STRONGER_WIN,9,0,0.07142857142857142
700.0,STRONGER_WIN,10,0,0.07142857142857142
700.0,STRONGER_WIN,14,0,0.07142857142857142
720.0,STRONGER_WIN,6,0,0.21428571428571427
720.0,STRONGER_WIN,1,0,0.14285714285714285
720.0,STRONGER_WIN,2,0,0.07142857142857142
720.0,STRONGER_WIN,2,1,0.07142857142857142
720.0,STRONGER_WIN,3,0,0.07142857142857142
720.0,STRONGER_WIN,5,0,0.07142857142857142
720.0,STRONGER_WIN,7,0,0.07142857142857142
720.0,STRONGER_WIN,8,0,0.07142857142857142
720.0,STRONGER_WIN,9,0,0.07142857142857142
720.0,STRONGER_WIN,10,0,0.07142857142857142
720.0,STRONGER_WIN,13,0,0.07142857142857142
740.0,STRONGER_WIN,6,0,0.2727272727272727
740.0,STRONGER_WIN,2,0,0.18181818181818182
740.0,STRONGER_WIN,7,0,0.18181818181818182
740.0,STRONGER_WIN,1,0,0.09090909090909091
740.0,STRONGER_WIN,3,0,0.09090909090909091
740.0,STRONGER_WIN,4,0,0.09090909090909091
740.0,STRONGER_WIN,4,1,0.09090909090909091
760.0,STRONGER_WIN,5,0,0.4
760.0,STRONGER_WIN,3,0,0.2
760.0,STRONGER_WIN,7,1,0.2
760.0,STRONGER_WIN,14,0,0.2
780.0,STRONGER_WIN,4,0,0.4
780.0,STRONGER_WIN,3,0,0.2
780.0,STRONGER_WIN,5,0,0.2
780.0,STRONGER_WIN,8,0,0.2
800.0,STRONGER_WIN,4,0,0.3333333333333333
800.0,STRONGER_WIN,5,0,0.3333333333333333
800.0,STRONGER_WIN,1,0,0.16666666666666666
800.0,STRONGER_WIN,6,0,0.16666666666666666
820.0,STRONGER_WIN,5,0,0.3333333333333333
820.0,STRONGER_WIN,8,0,0.3333333333333333
820.0,STRONGER_WIN,2,0,0.16666666666666666
820.0,STRONGER_WIN,10,0,0.16666666666666666
840.0,STRONGER_WIN,4,0,1.0
860.0,STRONGER_WIN,2,1,0.5
860.0,STRONGER_WIN,8,0,0.5
880.0,STRONGER_WIN,7,0,0.5
880.0,STRONGER_WIN,11,0,0.5
900.0,STRONGER_WIN,5,0,1.0
920.0,STRONGER_WIN,7,0,1.0
960.0,STRONGER_WIN,4,0,0.5
960.0,STRONGER_WIN,9,0,0.5
980.0,STRONGER_WIN,10,0,1.0
